{
  "project_info": {
    "project_number": "608403042406",
    "project_id": "jamminapp-f2693",
    "storage_bucket": "jamminapp-f2693.appspot.com"
  },
  "client": [
    {
      "client_info": {
        "mobilesdk_app_id": "1:608403042406:android:0c2ba27f5c416684577da7",
        "android_client_info": {
          "package_name": "com.example.jamminbaru"
        }
      },
      "oauth_client": [
        {
          "client_id": "608403042406-l7o4bsr187aq5vhn3fbng3ftdpi1lnih.apps.googleusercontent.com",
          "client_type": 3
        }
      ],
      "api_key": [
        {
          "current_key": "AIzaSyAYgo1q6CvNAUdZ5V-HGaCZi7Ym5SouUPE"
        }
      ],
      "services": {
        "appinvite_service": {
          "other_platform_oauth_client": [
            {
              "client_id": "608403042406-l7o4bsr187aq5vhn3fbng3ftdpi1lnih.apps.googleusercontent.com",
              "client_type": 3
            }
          ]
        }
      }
    }
  ],
  "configuration_version": "1"
}